grass, 147
stonewall, 17
grass, 28
stonewall, 1
grass, 1
stonewall, 55
grass, 7
stonewall, 57
grass, 7
stonewall, 57
grass, 7
stonewall, 63
grass, 1
stonewall, 63
grass, 1
stonewall, 63
grass, 1
stonewall, 200
stone, 1
skull, 1
stone, 4
skull, 1
stone, 3
stonewall, 17
skull, 1
stone, 1
skull, 1
stone, 1
cauldron, 3
stonewall, 30
stone, 4
skull, 1
stone, 4
skull, 1
stone, 1
stonewall, 13
stone, 11
stonewall, 12
skull, 1
cauldron, 1
skull, 1
stonewall, 5
grass, 1
stonewall, 9
stone, 5
skull, 1
stone, 10
skull, 1
stone, 9
skull, 1
stone, 6
skull, 1
stone, 4
cauldron, 2
stone, 1
skull, 1
stone, 2
cauldron, 1
stone, 4
stonewall, 5
grass, 1
stonewall, 10
stone, 9
skull, 1
stone, 11
skull, 1
stone, 16
skull, 1
stone, 8
cauldron, 1
stonewall, 5
grass, 1
stonewall, 11
stone, 20
cauldron, 2
stone, 6
cauldron, 1
stone, 5
skull, 1
stone, 7
skull, 1
stone, 3
stonewall, 6
grass, 1
stonewall, 11
torch, 1
stonewall, 3
wallswords, 1
stonewall, 3
cauldron, 3
stone, 1
skull, 1
stonewall, 1
wallswords, 1
stonewall, 1
stone, 4
stonewall, 4
stone, 4
stonewall, 1
wallswords, 1
torch, 1
stone, 14
torch, 1
stonewall, 5
grass, 2
stonewall, 19
torch, 1
stonewall, 3
torch, 1
stonewall, 3
torch, 1
prison, 2
torch, 1
stonewall, 4
torch, 1
prison, 2
torch, 1
stonewall, 6
stone, 10
wallswords, 1
stonewall, 6
grass, 2
stonewall, 45
wallswords, 1
stonewall, 1
stone, 7
stonewall, 8
grass, 2
stonewall, 47
torch, 1
prison, 5
torch, 1
stonewall, 8
grass, 2
stonewall, 62
grass, 2
stonewall, 62
grass, 3
stonewall, 59
grass, 9
stonewall, 55
grass, 432
testground, 1
barrel, 1
bush, 1
cave, 1
cavewood, 1
door, 1
dirt, 1
sand, 1
thatch, 1
tree, 1
water, 1
window, 1
woodwall, 1
cauldron, 1
skull, 1
stone, 1
stonewall, 1
wallswords, 1
prison, 1
torch, 1